{
	"categories": [
	{
		"name": "Цели предавания",
		"url": "category/видео/предавания/"
	}, {
		"name": "Рубрики",
		"categories": [{
			"url": "category/rubriki/запознай-се-с-малките-rubriki/",
			"name": "Запознай се с малките"
		}, {
			"url": "category/rubriki/новинарник/",
			"name": "Новинарник"
		}, {
			"url": "category/rubriki/редколегия/",
			"name": "Редколегията"
		}, {
			"url": "category/rubriki/часът-на-бенда/",
			"name": "Часът на бенда"
		}, {
			"url": "category/rubriki/кратки-новини/",
			"name": "Кратки новини"
		}, {
			"url": "category/rubriki/вечер-на-северозапада-rubriki/",
			"name": "Вечер на северозапада"
		}, {
			"url": "category/rubriki/жива-връзка-rubriki/",
			"name": "Жива връзка"
		}, {
			"url": "category/rubriki/13-години-стигат/",
			"name": "13 години стигат"
		}, {
			"url": "category/rubriki/тъй-рече-г-н-андреев-2/",
			"name": "Тъй рече г-н Андреев"
		}, {
			"url": "category/rubriki/толкова-ли-е-трудно-да-живеем-нормално-r/",
			"name": "Толкова ли е трудно...?!"
		}, {
			"url": "category/rubriki/часът-на-бясната/",
			"name": "Часът на бясната"
		}, {
			"url": "category/rubriki/искам-думата-рубрики/",
			"name": "Искам думата"
		}, {
			"url": "category/rubriki/нема-такава-държава-рубрика/",
			"name": "Няма такава държава"
		}, {
			"url": "category/видео/рубрики-видео/мамин-сладък/",
			"name": "Мамин сладък"
		}, {
			"url": "category/rubriki/manafov-today/",
			"name": "Манафов Today"
		}, {
			"url": "category/rubriki/ти-решаваш/",
			"name": "Ти решаваш"
		}, {
			"url": "category/rubriki/питай-слави-rubriki/",
			"name": "Питай Слави"
		}, {
			"url": "category/rubriki/тв-дневници-и-нощници/",
			"name": "ТВ Дневници"
		}, {
			"url": "category/rubriki/гръб-в-гръб-рубрика/",
			"name": "Гръб в гръб"
		}, {
			"url": "category/rubriki/жълтата-гостенка-рубрики/",
			"name": "Жълтата гостенка"
		}]
	}, {
		"name": "Гости",
		"url": "category/видео/предавания/"
	}, {
		"name": "Актьорска вечер",
		"url": "category/видео/смях/актьорска-вечер/"
	}, {
		"name": "Импровизации",
		"url": "category/видео/смях/импровизации/"
	}, {
		"name": "Скечове",
		"url": "category/видео/смях/скечове/"
	}, {
		"name": "Вицове",
		"url": "category/видео/смях/вицове-видео/"
	}, {
		"name": "Акценти",
		"url": "category/видео/акценти/"
	}, {
		"name": "Музикални",
		"url": "category/видео/музикални/"
	}, {
		"name": "Коментари",
		"url": "category/видео/коментари/"
	}, {
		"name": "Теми от медиите",
		"url": "category/видео/теми-от-медиите/"
	}, {
		"name": "Кулеков",
		"url": "category/видео/кулеков/"
	}, {
		"name": "Позиции",
		"categories": [{
			"url": "category/видео/позиции/референдум-избори/",
			"name": "Референдум"
		}, {
			"url": "category/видео/позиции/гергана-червенкова/",
			"name": "Гергана Червенкова"
		}]
	}, {
		"name": "Танци",
		"url": "category/видео/танци-видео/"
	}, {
		"name": "Турнета",
		"url": "category/видео/турнета/"
	}, {
		"name": "Сериали",
		"categories": [{
			"url": "category/видео/сериали/север-юг-ляво-дясно/",
			"name": "Север-юг, ляво-дясно"
		}, {
			"url": "category/видео/сериали/ракия-сънрайз-видео/",
			"name": "Ракия сънрайз"
		}, {
			"url": "category/видео/сериали/къде-е-батко/",
			"name": "Къде е Батко"
		}]
	}, {
		"name": "Проекти",
		"categories": [{
			"url": "шоу/проекти/магаданс-стани-една-от-нас-проекти/",
			"name": "Магаданс - стани една от нас"
		}, {
			"url": "шоу/проекти/пеещи-семейства/",
			"name": "Пеещи семейства"
		}, {
			"url": "шоу/проекти/разсмей-слави-проекти/",
			"name": "Разсмей Слави"
		}, {
			"url": "шоу/проекти/магаданс-предизвикателството/",
			"name": "Магаданс Предизвикателството"
		}, {
			"url": "шоу/проекти/лигата/",
			"name": "Лигата на необикновенните"
		}, {
			"url": "шоу/проекти/мъжът-и-жената-интимно/",
			"name": "Мъжът и жената интимно"
		}, {
			"url": "шоу/проекти/война-на-думи/",
			"name": "Война на думи"
		}, {
			"url": "шоу/проекти/умна-и-красива/",
			"name": "Умна и красива"
		}, {
			"url": "шоу/проекти/танцувай-с-мен-3-стаен/",
			"name": "Танцувай с мен 3-стаен"
		}, {
			"url": "шоу/проекти/стани-поп-фолк-звезда/",
			"name": "Стани поп-фолк звезда"
		}, {
			"url": "шоу/проекти/претендентът/",
			"name": "Претендентът"
		}, {
			"url": "шоу/проекти/добре-дошъл-в-българия/",
			"name": "Добре дошъл в България"
		}, {
			"url": "/бягство-към-победата/",
			"name": "Бягство към победата"
		}, {
			"url": "/танцувай-с-мен-2-2/",
			"name": "Танцувай с мен 2"
		}, {
			"url": "/танцувай-с-мен-1/",
			"name": "Танцувай с мен 1"
		}]
	}]
}